create a microsoft teams app,How to create a Microsoft Teams app
Portable Ranker Data Depl,Portable Ranker Data Deployment Migration to Gitdocx
job description for a Senior Software Engineer,Senior Software Engineer job description
OnePager Portable Ranker Introduction docx,OnePager  Portable Ranker Introductiondocx
How do I change the PC code for my Azure subscription,How to change the PC code for my Azure subscription
change PC code for Azure subscription,How to change the PC code for my Azure subscription
RE Sev3 Enabled Availability BigFunnelL1RankStatus monitor,latest email with subject RE Sev3 Enabled AvailabilityBigFunnelL1RankStatus monitor
previous meetings about Nuowo Tech Sync,my previous meetings about Nuowo Tech Sync
emails about Nuowo Tech Sync,my emails about Nuowo Tech Sync
docs about our Parallel Index,my docs about Parallel Index
MAU of Outlook,Outlook MAU
MAU of Gmail,Gmail MAU
previous meetings about Team scrum,my previous meetings about Team scrum
June 7th 9 05am meeting,June 7th 905am meeting
6 14 23 10 00AM PST meeting,my meetings on 61423 1000AM PST
61423 1000AM PST meeting,my meetings on 61423 1000AM PST
create a microsoft teams app,How to create a Microsoft Teams app
What did Flora say about shipping plan in the nuowo tech sync,Floras comments about shipping plan in the nuowo tech sync
how to use augmentation loop in windows,augmentation loop in windows
meetings yesterday,my meetings yesterday
bing with dall e,bing dall e
6 14 23 10 00AM PST meeting,my meetings on 61423 1000AM PST
61423 1000AM PST meeting,my meetings on 61423 1000AM PST
previous meetings yesterday,my meetings yesterday
